organization,url,emails,phones,snippet
Rooms For Rent in Winter Haven FL,https://www.zillow.com/winter-haven-fl/rooms-for-rent/,,,"For sale by owner · Open houses · New construction · Coming soon · Recent home ... 2,100 sqft. - Room for rent. Show more. 2 days agoRoom for rent. (undisclosed ..."
"Room for rent in Winter Haven, FL, near hospitals",https://www.facebook.com/groups/TravelNurseHousingUSA/posts/1749713002623853/,,,"Room for rent in Winter Haven, FL $950/mth. Close to both Winter ... Fran Golino ▻ For RENT By Owner FLORIDA. 10w · Public · SNOWBIRDS ..."
"Inwood, Winter Haven, FL rooms for rent",https://www.roomies.com/rooms/inwood-winter-haven-fl/search?page=1&furnished=0&unfurnished=1,,,"Room for rent in a large, brand new construction home in Auburndale near ... Owner does not occupy the home. Each room has its own lock and key. All ..."
"Apartments For Rent By Private Owner in Winter Haven, FL","https://www.trulia.com/for_rent/Winter_Haven,FL/for-rent-by-owner/2_p/",,,"Winter Haven, FL Apartments For Rent by Private Owner ... Room for rent. 3511 Avenue R NW, Winter ... Winter Haven, FL Apartments for rent by ..."
Rooms for Rent in Winter Haven FL - 2 Rentals,https://www.apartments.com/winter-haven-fl/rooms-for-rent/,,,"Finding a room for rent in Winter Haven, FL is an affordable and flexible ... Properties that are for rent by owner. Rooms for rent. Keyword. Keyword ..."
I have one room for rent for one person in winter haven,https://www.facebook.com/groups/weliveinlakeland/posts/1255440539936058/,,,I have one room for rent for one person in winter haven. ... 28w · Public · Are there any 3bdr in Lakeland / winter haven area for rent by owner.
"Craigslist - Winter Haven, FL Rooms for Rent Classifieds | Claz",https://winterhaven.claz.org/classifieds/housing/for-rent/rooms?q=craigslist,,,"Room for rent in a private home. Rent includes utilities, use of common ... My name is Jhoel, and Im the owner of a house where I live with my parents and cousin."
Houses for Rent under $1000 in Winter Haven FL,https://www.forrent.com/find/FL/metro-Tampa+Bay/Winter+Haven/price-Less+than+1000/extras-House,,,"For Rent by Owner; Rooms for Rent; Move-in Specials; Virtual Tours. Clear See 8 ... 2701 Ave T NW, Winter Haven, FL 33881. Room for Rent. $745. 1 Bed. COMPARE ..."
"Furnished Houses For Rent in Winter Haven, FL - 36 Homes","https://www.trulia.com/for_rent/Winter_Haven,FL/SINGLE-FAMILY_HOME_type/1_furnished/",,,"Room for rent. 3463 Costello Cir, Winter Haven, FL 33884 ... Winter Haven, FL Apartments for rent by Private Owner · Winter Haven ..."
"For Rent Winter Haven, Fl | Room for Rent w/ shared bathroom, ...",https://m.facebook.com/groups/1461836604043980/posts/4280642712163341/,,,"... Winter Haven,Fl Room for Rent All utilities included Parking available 1 mnth rent ($750) 1 mnth deposit ($750) For Rent by Owner No pets Hard wood floor Big ..."
"For Rent by Private Owner 78 Rentals in Winter Haven, FL",https://hotpads.com/winter-haven-fl/for-rent-by-owner,,,"There are currently 78 private landlord rentals in the Winter Haven area. What does FRBO mean? FRBO is an acronym for ""For Rent by Owner."" This means that the ..."
"Apartments For Rent By Private Owner in Winter Haven, FL","https://www.trulia.com/for_rent/Winter_Haven,FL/for-rent-by-owner/",,,"Search 339 Apartments For Rent by Private Owner in Winter Haven, Florida. Explore rentals by neighborhoods, schools, local guides and ..."
For Rent by Private Owner in Winter Haven FL,https://www.apartments.com/winter-haven-fl/for-rent-by-owner/,,,Browse 11 properties for rent by owner in Winter Haven. Renting directly from a private owner can make your rental experience a little more personal and ...
Properties for rent by owner in Polk County?,https://www.facebook.com/groups/548974998586256/posts/3194493554034374/,,,"Any properties in polk county , Lakeland, winter haven. Bartow etc... for rent by owner ... not for rent by 1 of the many companies that ..."
"Winter Haven, FL 267 Homes For Rent By Private Owner ...",https://www.byowner.com/rental/houses-apartments-for-rent/florida/winter-haven/page=5,,,"We feature 267 homes for rent by owner in Winter Haven, FL. Browse rental listings, find your perfect home and get in touch with a landlord."
For Rent by Owner in Winter Haven FL - 12 Rentals,https://www.forrent.com/find/FL/metro-Tampa+Bay/Winter+Haven/extras-For+Rent+by+Owner-Rentals,,,"12 For rent by owner in Winter Haven, FL. Filter by price, bedrooms and amenities. High-quality photos, virtual tours, and unit level details included."
Cheap Winter Haven Homes for Rent from $600,https://www.apartmenthomeliving.com/winter-haven-fl/homes-for-rent/cheap,,,Winter Haven Apartments for Rent · Winter Haven Homes for Rent by Owner · Winter Haven Condos for Rent · Winter Haven Furnished Homes for Rent ...
"Houses for Rent by Private Owner in Winter Haven, FL",https://hotpads.com/winter-haven-fl/houses-for-rent-by-owner,,,"Houses for Rent by Private Owner in Winter Haven, FL. Page 1 / 3: 47 houses for rent by owner. Sort: Recommended ..."
"Apartments For Rent By Owner in Winter Haven, FL",https://www.apartmentfinder.com/Florida/Winter-Haven-Apartments-For-Rent-By-Owner,,,"Find 7 apartments for rent by owner in Winter Haven, FL. Connect directly with property owners and find the best deal on your new home."
Winter Haven FL Condos for Rent under $1000,https://www.apartments.com/condos/winter-haven-fl/under-1000/,,,"Winter Haven FL Condos for Rent under $1,000. 13 Rentals. Map. Remove ... Winter Haven Condos for Rent by Owner. Find Specialty Housing. Winter Haven ..."
"Furnished rooms for rent in Highland City, FL",https://www.roomies.com/rooms/highland-city-fl/furnished?page=5,,,"Private Rooms in Winter Haven, starting from 180 /week, all utilities and Wifi included. Property ID: 9025 Spacious Renovated room for rent!!! Immediate move-in ..."
Room for rent in exchange for caregiving services,https://www.facebook.com/groups/1454999854729837/posts/4306915432871584/,,,"Room for rent in exchange for caregiving services. Santa Cruz ... This is so sweet, I hope you find her a lovely caretaker companion friend."
"For females rooms for rent in Auburndale, FL",https://www.roomies.com/rooms/auburndale-fl/females,,,"4 br, 1b., Laundry room, just me, my care taker and 2 small dogs. ... Winter Haven, FL. Furnished ... **Room for Rent in New Construction Home in Winter Haven ..."
"Rooms & Shares near Bushnell, FL 33513",https://savannah.craigslist.org/search/roo?postal=33513&search_distance=200,,,"Older gentleman seeks live-in caretaker. $0. Daytona Beach Shores ... Daytona Beach, FL · Fully Furnished Room For Rent All ( Utilities Included ). $400. New Port ..."
"Apartments Dr. Phillips, Orlando, FL",https://m.yelp.com/search?find_desc=Apartments&find_loc=Dr.+Phillips%2C+Orlando%2C+FL,,,"As a caretaker who visits a resident at HarborChase frequently, I can say ... Room For Rent in Orlando, Florida · Temporary Housing in Orlando, Florida."
when you finish reading your apro pass it along to a friend,https://msa.maryland.gov/megafile/ecpdata/webroot/msaref14/msa_sc5458_000045_000295/pdf/msa_afro_1961_01-0421.pdf,,,"ment reduced to caretaker. 9-5997. 2011 EUTAW PLACE 1st floor and others ... FURNISHED ROOM for rent. Use of whole house, Company al- lowed. Call after ..."
How do poor people afford to move far away?,https://www.reddit.com/r/povertyfinance/comments/1748167/how_do_poor_people_afford_to_move_far_away/,9f057df6115a4bb488c08ea12a835e6e@error-tracking.reddit.com;9f057df6115a4bb488c08ea12a835e6e@o418887.ingest.sentry.io,,"Take the first stable apartment or room for rent that you can afford. ... Check out sites like coolworks, working couples, and the caretaker ..."
Where do people live when their houses are rented out in ...,https://www.quora.com/Where-do-people-live-when-their-houses-are-rented-out-in-Airbnb,,,"... caretaker or a functional kitchen or free breakfast. ... You could, quite literally, post a bare-bones listing for a room for rent in your ..."
Looking for a roommate,https://www.facebook.com/groups/orlandohousingapartmentroommates/posts/1053452620174155/,,,I have a room for rent in winter garden close ... I need to move back to Orlando to be a caretaker for my grandparents.
"Rooms & Shares near Winter Haven, FL",https://lakeland.craigslist.org/search/winter-haven-fl/roo,,,"11/61brSW Winter Haven. House to share,room for rent 1. •••. $700House to share,room for rent. 10/203brWinter Haven. no image. $800Room for rent. 10/121brWinter ..."
"Rooms & Shares near Winter Haven, FL 33884",https://lakecity.craigslist.org/search/roo?postal=33884&search_distance=52,,,"Private Bedroom. 11/14brOcoee. $ 625.00 ROOM FOR RENT, TOTALLY FURNISHED. INCLUDED ALL UTILITIES 1. •••. $650$ 625.00 ROOM FOR RENT, TOTALLY FURNISHED. INCLUDED ..."
"lakeland rooms & shares ""winter haven fl""",https://lakeland.craigslist.org/search/roo?query=winter%20haven%20fl,,,$750Private Room/Bath in 2x2 MH available 11/14/25. 11/ · Winter Haven ; $800Room for rent. 10/121brWinter Haven ; $650Room For Rent. 11/ · HAVEN.
"lakeland rooms & shares ""winter haven""",https://lakeland.craigslist.org/search/roo?query=winter%20haven,,,$750Private Room/Bath in 2x2 MH available 11/14/25. 11/ · Winter Haven ; $800Room for rent. 10/121brWinter Haven ; $700FOR RENT ROOM. 10/21WINTER HAVEN.
"Rooms & Shares ""room"" near Winter Haven, FL",https://lakeland.craigslist.org/search/winter-haven-fl/roo?query=room,,,Winter Haven. Private Rooms For Rent 1. •••••. $425 Private Rooms ... Room for rent. 10/121brWinter Haven. $650 / 4br - 200ft2 - Shared living Peace ...
"Housing ""dressers"" near Winter Haven, FL",https://lakeland.craigslist.org/search/winter-haven-fl/hhh?query=dressers,,,"$750Room for Rent: Cozy Private Bedroom Perfect for Snowbirds. 10/281brWinter Haven. Manufactured Home: 1978 Fleetwood, 2 Beds, 2 Baths in Colony Club 1."
"one bedroom apartments for rent near Winter Haven, FL",https://lakeland.craigslist.org/search/winter-haven-fl/one-bedroom-apartment,,,1 Bed / 1 Bath Apartment 1 · 1 Bed / 1 Bath Apartment. 9/27 ; Haines City Furnished Room For Rent! - $700/month All Utilities Inclu 1 · Haines City Furnished Room ...
"Rooms & Shares ""room"" near Lake Wales, FL",https://cfl.craigslist.org/search/lake-wales-fl/roo?query=room,,,"Room for rent. 10/121brWinter Haven. no image. $800Room for rent. 10/121brWinter Haven. House to share,room for rent 1. •••. $700House to share,room for rent."
"lakeland housing ""winter haven""",https://lakeland.craigslist.org/search/hhh?query=winter+haven,,,"$1,175For Rent: 2 Bed / 1 Bath Apartment in Winter Haven – Pet Friendly! ... 10/121brWinter Haven. no image. $650Room For Rent. 1 min agoWINTER HAVEN. This ..."
"Sublets & Temporary ""room"" near Winter Haven, FL",https://lakeland.craigslist.org/search/winter-haven-fl/sub?query=room,,,Room for Rent: Cozy Private Bedroom Perfect for Snowbirds 1. •••••••. $750Room for Rent: Cozy Private Bedroom Perfect for Snowbirds. 10/281brWinter Haven.
HomeShare Online | Homesharing Platform and Roommate ...,https://homeshareonline.org/,,,"Find a roommate or list a room to rent on HomeShare Online, a roommate finder and homesharing platform app. Match with compatible roommates and more."
How to find a roommate if you're older and needing ...,https://www.dailynews.com/2022/05/22/how-to-find-a-roommate-if-youre-older-and-needing-to-share-costs/,Helendenn@gmail.com,,Silvernest is present in Los Angeles and several other communities in California. ... See https://his-oc.org/our-work/home-share-oc/ Also ...
Senior House Sharing Is on the Rise,https://seniorplanet.org/senior-house-sharing-is-on-the-rise/,info@seniorplanet.org,,Silvernest can also draw up leases and collect rents. Because the ... I am lookng to purchase a home in WI and would like to home share with ...
Remote and peaceful mountain home,https://homeshareonline.org/room-for-rent/co/livermore/38437,,,"Need a room to rent or a roommate near you? Find available homesharing listings on HomeShare Online, match with compatible roommates, enjoy secure messaging and ..."
This page could be really useful for people looking for ...,https://www.facebook.com/groups/666317850905702/posts/674285936775560/,,,INFO.SILVERNEST.COM. Find a compatible roommate with Home Share Oregon and Silvernest. Silvernest and Home Share Oregon have partnered t...
The Caucus Corner - NCBA,https://ncba-aging.org/wp-content/uploads/2023/01/December-November-2022-Caucus-Corner-newsletter-A.pdf,Q@dh.VL;covided@ncba-aging.org,800-272-3900;800-677-1116;855-260-3274,"Companies such as Silvernest and Senior Homeshares provide help with background screening, creating a lease, and matching roommates. Find other resources to ..."
OLDER ADULT 2020 HOUSING NEEDS ASSESSMENT,https://www.nwccog.org/wp-content/uploads/2021/04/Older-Adult-Housing-Needs-Study_REV2.pdf,1qkY46@oB9LM.MJsU;B@Jh.gEB;QEp@Ue.LX;TN@eM.SPV;V@n7iH.lVoMk;Z+@D.cXEdk,587 293 1000;797 714 1009;992.339 1231,Income and companionship are also attractive for home sharing consideration. Colorado Home Share Program Examples: ▫ Silvernest – Statewide (silvernest.com).
"Home sharing, backyard cottages and renting out rooms ...",https://www.ocregister.com/2022/10/02/home-sharing-backyard-cottages-and-renting-out-rooms-help-seniors-find-housing-solutions/,JeffCollins@scng.com,,"A website called Silvernest helped Jocelyn McCormick, 78, find a roommate after her husband died last spring. The online site pairs home seekers ..."
March | 2022 - CMCAcorner.com,https://cmcacorner.com/2022/03/,info@camicb.org,,"... Silvernest, which pairs older adults with housemates. The service is ... Home Share Colorado, Bolding found two more housemates. Since ..."
(PDF) PSU Student Housing Insecurity Report,https://www.researchgate.net/publication/382299045_PSU_Student_Housing_Insecurity_Report,,,"... Silvernest and their local partner Oregon Home Share facilitate room rentals by homeowners,. but aren't focused specifically on college students. Such ..."
Contact 1,https://www.mowpolk.org/contact-us,Info@MOWpolk.org;info@mowpolk.org;user@domain.com,(863) 299-1616,"Stay Connected with Meals on Wheels! Sign up for our Newsletter. Skip to ... Contact us. Info@MOWpolk.org (863) 299-1616. 620 6th St NW Winter Haven, FL 33881."
Meals on Wheels of Polk County,https://www.mowpolk.org/,info@mowpolk.org;user@domain.com,(863) 299-1616,Click the button below to learn more about how you can support Meals on Wheels and join us for another amazing event! ... City of Winter haven · Read More ...
Meals on Wheels - Winter Haven Chamber of Commerce,"https://web.winterhavenchamber.com/Family,-Community,-Civic-Organizations/Meals-on-Wheels-286",info@winterhavenchamber.com,(863) 291-0815;(863) 293-2138;(863) 299-1616,"Meals on Wheels. 620 6th St NW Winter Haven, FL 33881 | map | directions · Susan Eldrige (863) 299-1616 | fax: (863) 291-0815. Visit Site. Connect ..."
"Meals on Wheels of Polk County, Inc.",https://www.idealist.org/en/nonprofit/8f92b834a40a4ad2af0b8d6e3a71f5da-meals-on-wheels-of-polk-county-inc-winter-haven,support@idealist.org,863-299-1616,"Meals on Wheels of Polk County delivers 200 meals a day Monday-Friday. We ... We have 20 routes that deliver to Winter Haven, Lakeland, Auburndale, Haines City ..."
MEALS ON WHEELS THRIFT STORE,https://www.yelp.com/biz/meals-on-wheels-thrift-store-winter-haven,40x40_claim_your_page_v2@2x.yji-bd2968af3654281a8794.png,(863) 299-1616,"More info about Meals On Wheels Thrift Store ; 620 6th St NW. Winter Haven, FL 33881. Directions ; (863) 299-1616. Call Now ; Visit Website. http://www.MOWpolk.org."
Meals on Wheels of Polk County Thrift Store | Winter Haven ...,https://www.facebook.com/mealsonwheelsthriftstore/,,,Thrift store deals in Downtown Winter Haven OPEN 10:30am - 3:30pm Mon-Fri. Meals on Wheels thrift store 620 6th St NW Winter haven #summerdeals ...
"Polk County Inc, 620 6th St NW, Winter Haven, FL 33881, US",https://www.mapquest.com/us/florida/polk-county-inc-379863088,,,"Winter Haven, FL 33881. +1 (863) 299-1616 · https://www.mowpolk.org. Meals on Wheels of Polk County Inc, located in Winter Haven, FL, is a non-profit ..."
Contact Meals On Wheels of Polk County,https://guidetoflorida.com/winter-haven/community-organizations/meals-on-wheels-of-polk-county-inc/connect,directory@guidetoflorida.com;name@yoursite.com,904-515-5640,"Contact Meals On Wheels of Polk County, Community & Business Organizations in Winter Haven, Florida."
"Meals on Wheels Polk - Winter Haven, FL",https://downtownwinterhaven.com/business/MOWpolk,contact@mealsonwheelspolk.com,863-299-1616,"Winter Haven · Zolfo.. Meals on Wheels Polk. 620 6th Street NW - Winter Haven, FL 33881. Menu, x. Service Area. Lakeland, FL · Auburndale, FL · Winter Haven ..."
Meals on Wheels of Polk County,https://www.zoominfo.com/c/meals-on-wheels-of-polk-county/348686332,,,Meals on Wheels of Polk County contact info: Phone number: (863) 299-1616 Website: www.mealsonwheelspolk.com What does Meals on Wheels of Polk County do?
Activities for adults,https://www.theledger.com/story/lifestyle/2021/07/18/activities-adults/7915407002/,?subject=POLK%20COUNTY%20ACTIVITIES%20-%20from%20The%20Ledger&body=POLK%20COUNTY%20ACTIVITIES%0A%0AVarious%20classes%20and%20entertainment%0A%0ACheck%20out%20this%20story%20on%20theledger.com%3A%20https%3A%2F%2Fwww.theledger.com%2Fstory%2Flifestyle%2F2021%2F07%2F18%2Factivities-adults%2F7915407002%2F;tickets@TheatreWinterHaven.com,717-434-4039;863-291-5870;863-294-7469;863-412-7578;863-425-3246;863-676-1408;863-682-7553;863-834-2215;863-834-3284;863-834-3350;863-834-8111;888-397-0100;888-431-7323,"Jennifer Burke, 863-291-5870. EXERCISE: 9:30 a.m. Mondays through Fridays, Winter Haven Senior Center, 250 S. Lake Silver Drive, Winter Haven."
Winter Haven Senior Adult Center,https://mycommunityonline.com/organization/winter-haven-senior-adult-center,,,"Winter Haven Senior Adult Center. Category. Senior Center. Visit Website. Contact Information. 250 S. Lake Silver Dr. NW Winter Haven, Florida 33881 · 863-291- ..."
"Parks, Recreation, & Culture | Winter Haven, FL",https://www.mywinterhaven.com/265/ParksRecreation-Culture,apalmer@mywinterhaven.com;jadams@mywinterhaven.com;nwilson@mywinterhaven.com;seilers@mywinterhaven.com,863-291-5600;863-291-5656,"Staff serving ice cream at the Winter Haven Senior Center. Children playing ... Contact Us. Parks, Recreation & Culture. Physical Address 500 Third ..."
Senior Connection Center Community Resource Database,"https://www.navigateresources.net/psa06/MatchList.aspx?c;;0;;N;0;0;Arts,%20Culture%20and%20Recreation;Recreation%20and%20Enrichment%20Programs;1302;Country%20Line%20Dancing%20Instruction~",,,GULFPORT MULTIPURPOSE SENIOR CENTER. GULFPORT MULTIPURPOSE SENIOR CENTER. 5501 ... WINTER HAVEN SENIOR ADULT CENTER. WINTER HAVEN SENIOR ADULT CENTER. 250 ...
Polk County,https://youthrivefl.org/location/polk-county/,,(352) 796-1427;(863) 534-5326;800-963-5337;888-802-7483,Contact Information: Senior Services – (863) 534-5326; Elder Help Line ... Winter Haven- Lake Silver Senior Center 250 S. Lake Silver Dr. Winter Haven ...
Senior Adult Center gives baby boomers in their golden ...,https://www.theledger.com/story/news/2012/01/01/senior-adult-center-gives-baby-boomers-in-their-golden-years-plenty-to-do/26649077007/,?subject=Senior%20Adult%20Center%20gives%20baby%20boomers%20in%20their%20golden%20years%20plenty%20to%20do%20-%20from%20The%20Ledger&body=Senior%20Adult%20Center%20gives%20baby%20boomers%20in%20their%20golden%20years%20plenty%20to%20do%0A%0ARetirement%20may%20mean%20life%20slows%20down%20a%20bit%2C%20but%20growing%20older%20doesn't%20have%20to%20mean%20the%20fun%20stops%20entirely.%20On%20the%20contrary%2C%20retirement%20may%20just%20be%20when%20the%20fun%20kicks%20into%20gear%20and%20many%20%22golden%20girls%20(%E2%80%A6%0A%0ACheck%20out%20this%20story%20on%20theledger.com%3A%20https%3A%2F%2Fwww.theledger.com%2Fstory%2Fnews%2F2012%2F01%2F01%2Fsenior-adult-center-gives-baby-boomers-in-their-golden-years-plenty-to-do%2F26649077007%2F;news@newschief.com,863-291-5870;863-421-9957;863-534-5325;863-678-4004;888-431-7323,"... Winter Haven. The center, which is open 9 a.m. to ... ""The social aspect is a large part of why the Senior Center is beneficial,"" she said."
All About Aging | Winter Haven FL,https://www.facebook.com/AllAboutAging/,,,We offer elder care advisi. 󱙶. Follow · 󰟝. Posts. About · Photos · Videos · Mentions. Details. 󱞴. Page · Senior Center. 󱤂. allaboutagingllc.com. 󱡍. Not yet ...
Florida Department of Elder Affairs,https://elderaffairs.org/,information@elderaffairs.org,(239) 652-6900;(305) 670-4357;(352) 378-6649;(407) 514-0019;(561) 684-5885;(727) 217-8111;(800) 262-2243;(800) 336-2226;(813) 740-3888;(850) 414-2000;(850) 488-0055;(850) 494-7101;(866) 413-5337;(866) 467-4624;(866) 531-8011;(866) 684-5885;(888) 242-4464;(904) 391-6600;(954) 745-9779;800-963-5337,Background Screening Contact Information · Exemption from ... Florida Senior Center Survey · 2023 Medicaid Update · Mental Wellness · More Press ...
"THE BEST 10 SENIOR CENTERS in WINTER HAVEN, FL",https://www.yelp.com/search?cflt=seniorcenters&find_loc=Winter+Haven%2C+FL,,,"1. Lake Wales Senior Center. 0.0. Senior Centers. 10.9 mi 129 E Stuart Ave, Lake Wales, FL 33853. (863) 678-0662 · 2. Habitat For Humanity. 3.0 (2 reviews)."
Bullying and Cyberbullying Class at Winter Haven Public Library ...,https://www.facebook.com/dailyridge.winterhaven/posts/bullying-and-cyberbullying-class-at-winter-haven-public-library-july-14-details-/1191685722992635/,,,"Bullying and Cyberbullying Class at Winter Haven Public Library July 14- details ... It was on the MYFM Community Board. ""Anti ... telephone internet connections."
"Join us every Monday for ""Beyond the Stacks with Tracey ...",https://www.instagram.com/reel/DQ4VcjqgNEW/,,,It's Tracy from the Westborough Public Library with Beyond the Stacks and here's what's happening this week. ... Community Board! It's a ...
Community organization connection event,https://www.facebook.com/groups/MMBColorado/posts/9984367108337884/,,,"We meet on the next to last Thursday of each month at the Bloomsburg Public Library in the 2nd floor meeting room, from 5:45 to 7:45 PM. We have ..."
register of community board budget requests,https://www.nyc.gov/assets/omb/downloads/pdf/exec25/cbrboro5-25.pdf,HM@s.KU,,"... Public Library and Community Board One request that the City restore funding to provide robust six day service including increased hours, diverse ..."
HERE COMES 'THE EDYTH',https://winterparkmag.com/2020/12/29/here-comes-the-edyth/,,407-647-0225,"The second floor, dubbed “The Archibald” in honor of Edyth's husband, will house a community board room equipped with state-of-the-art ..."
Register of Community Board Budget Requests,https://brooklyncb6.cityofnewyork.us/wp-content/uploads/about/FY17-Executive-Register_Brooklyn-6.pdf,,584 556 1015,"recommends that the Community Board contact elected officials for the funding. ... However, the program will continue to operate within current funding levels."
January 2024 Community Board,https://plainpress.blog/2023/12/29/january-2024-community-board/,Nicole.Buongiorno@OhioGuidestone.org;boxoffice@cptonline.org;commartsinfo@clevelandart.org;heisey2140@sbcglobal.net;leadlookup@clevelandwater.com;plainpress@gmail.com;tmiller@epilepsyinfo.org,(833) 601-5323;216-325-1149;216-361-5535;216-579-1330;216-619-6192;216-621-3060;216-623-7114;216-631-2727;216-661-7950;216-664-2274;216-973-1486;216-987-6578;440-260-6813;440-423-2020;800-282-0880;800-589-9966,"All you need is a Cleveland Public Library card. To sign up for a library card or to find out if this program is right for you, call your ..."
Staff Favorites – Amy,https://redwing.lib.mn.us/staff-favorites-amy-2/,rwpl@selco.info,(651) 385-3673;651-385-3673,"Picture of book cover for Community Board Community Board by Tara Conklin ... Red Wing Public Library 225 East Avenue Red Wing, MN 55066"
"BOOK 21 PAGE 251 REGULAR MEETING OF THE BOARD, ...",https://cms8.revize.com/revize/highlandscountycourts/clerk%20to%20the%20court/Meetings%20&%20Minutes/board%20minutes/2009BoardMinutes.pdf,jcodosalisbury@cfrpc.org;mhill@hcbcc.org,350 500 1000;350 556 1000;500 333 1000;500 444 1000;556 333 1000;584 556 1015;667 333 1000;667 667 1000,"Sebring Public Library,. 319 W. Center Avenue ... Agency/Champion Community Board. (This item was ... following Memorandum of Agreements with Winter Haven Hospital, ..."
Room for rent in Western Winter Haven,https://www.facebook.com/groups/548974998586256/posts/3304964529653942/,,,"Room for rent in western Winter Haven. $900, all utilities included ... email to: asisb4@gmail.com with any questions 1-year lease ..."
"Rooms for rent in Winter Haven, FL - SpareRoom",https://www.spareroom.com/rooms-for-rent/fl/polk_county/winter_haven,customerservices@spareroom.com,877 834 2909,"Find a Room for Rent, Sublet, Shared Apartment or Room share in Winter Haven, Polk County, FL ... It's free and we'll email you new ..."
"Rooms For Rent in Winter Haven, FL, USA - 17 Rentals",https://roomster.com/rooms-for-rent/florida/winter-haven,,246.277 5994,"Hi, my name is Felicia. I have a private furnished room for rent in winter Haven available November 3. The monthly rent is $ and includes Electricity Water and ..."
"Single Rooms for Rent in Winter Haven, FL - Indian Roommates",https://indianroommates.sulekha.com/single_roommates_in-and-near_winter-haven-fl,us.sulekha@sulekha.com,512-231-9226;512-788-5300,"I am offering an individual room for rent in a large, beautiful 4 Bed / 3 Bath + Flex Room single-... University nearby: Saint Leo University. Occupation: Don't ..."
Furnished room for rent Winter Haven FL - Rental Listings,https://rentals.claz.org/classifieds/rooms/winterhaven/l17d0txhhwcz7,,,Furnished room for rent Winter Haven FL. 1 bedroom 1 bathroom for rent in new home of Winter Haven FL. Utilities included with washer and dryer. Move in ...
"Apartments For Rent in Winter Haven, FL","https://www.trulia.com/for_rent/Winter_Haven,FL/APARTMENT_type/",,,"FURNISHED. ROOM FOR RENT. $797/mo. 4 Beds. 3 Baths. Room for rent. Address Not Disclosed, Winter Haven, FL 33880. Check Availability."
"Houses Under $1000 for Rent in Winter Haven, FL",https://www.redfin.com/city/19740/FL/Winter-Haven/houses-under-1000-for-rent,7bcmcwggfg@privaterelay.appleid.com;Admin@RightHouseRealty.com;Chacev@me.com;Danielatorresrealtor@gmail.com;Hudsonlandsearchrealestate@gmail.com;Katrina@RentaFLHome.com;Realhometoursus@gmail.com;SBaronproperties@gmail.com;Yanisletpalomino@yahoo.com;Zulmyrealtorsolar@gmail.com;achapman1@cfl.rr.com;adanrealtor@adanordonez.com;admin@ashleyporto.com;admin@propertymanagementofpolk.com;afrianisony67@gmail.com;alejandro@arodpartnersrealty.com;alexavrealtor@gmail.com;amitchellrealestate@outlook.com;andrew@selectpremier.realty;anna@homesbyannashi.com;apartmentmacon@gmail.com;ashleyossant@gmail.com;avilesemibeth@gmail.com;b4rea7@yahoo.com;breanash94@gmail.com;brian.batiz@hotmail.com;brooke.realtor02@gmail.com;bryce277@gmail.com;buywithbrookefl@gmail.com;carlamoreno.realtor@gmail.com;carleebmarchetti@gmail.com;caspian@collany.com;chkrealtor8@gmail.com;claudiapulgarin@gmail.com;coliving@vypinvestments-properties.com;danielgonzalezaysr@yahoo.com;darcyponce73@gmail.com;dareyes@msrenewal.com;darrin@danjoproperties.com;dewdneygirlhomes@gmail.com;diamondpropertiesusa@gmail.com;dominguezmoi@gmail.com;dontilackhomes@gmail.com;dougjaec@yahoo.com;erikasm24@gmail.com;fllocalexpert@gmail.com;florida@realtyagent.com;francisco@rentcare.net;fspm@michelleandtrey.com;gjedmond@yahoo.com;grant.powers@cbrealty.com;hgc.realtor@gmail.com;hillsrealty1503@gmail.com;homesoldrealty@gmail.com;infinity33511@yahoo.com;info@javedteam.com;ivisrealtor@gmail.com;jcampanarealtor@gmail.com;jeevarx1@yahoo.com;joeorlandorealtor@gmail.com;john.roldan@exprealty.com;karajohnsonremax@aol.com;karlarangelrealtor@gmail.com;karstenhawkinshomes@gmail.com;kaylymalinas@gmail.com;kelita@mividainmobiliaria.com;kevinwatson777@gmail.com;kristofersnyder1989@gmail.com;lamanda.jones@gmail.com;lancebao@hotmail.com;laurenlarson@suncastles.com;leann@arricorealty.com;leasing.orlando@floridacontact.com;leasing@aplushomerentals.com;lindasellscentralflorida@gmail.com;listwithanya@gmail.com;lyn@mazelg.com;makbule.bilvado@icloud.com;maria@theexpertsteamrealty.com;mariagomezrealestatefl@gmail.com;mariangelicaoliverosrealtor@gmail.com;marilyn@flahomes.net;maritzagallo2005@gmail.com;marlenedarrican@gmail.com;menageorgy@yahoo.com;michael.bouchard@globalfl.com;momoaram@yahoo.com;mpeters@larosarealtycorp.com;nadiaforhomes@gmail.com;nancy@specialized247.com;nexcellinc@outlook.com;oblekherov@gmail.com;office@palmleafpm.com;omar@theandreasengroup.com;othonerre@hotmail.com;ozzie@arearealestate.com;pedrame33@gmail.com;pltjay@msn.com;raven@garrisonland.com;realestatebyshani@gmail.com;realestatecathy13@gmail.com;realtor.slopez@gmail.com;realtorxavier@hotmail.com;reniernv@gmail.com;rhondabroker100@gmail.com;richardskelleyllc@gmail.com;rjgentile62@gmail.com;robinmartinrealtor@gmail.com;rosalinarealtor@gmail.com;sales@magnoliapropertysales.com;sandpiperrv@gmail.com;shannon@arricorealty.com;sharonskye@hotmail.com;sheryllynnwebster@gmail.com;stevensmithrealtor@gmail.com;swain102@aol.com;swilliams02041970@gmail.com;szackerurms@gmail.com;tatiana@showmeorlandohomes.com;tatianamayer24@gmail.com;team@hutteam.com;theclevengerteam@gmail.com;thomasbelsky@aol.com;tracey.crews@mysuperiorproperty.com;ttnarojas@gmail.com;ulatowski999@gmail.com;umbertofarias@wra-usa.com;veromartinez29@yahoo.com;yarivillarrubia@gmail.com;yournexthomeflorida@gmail.com,(347) 421-3995;(407) 431-1857;(407) 955-3517;(626) 328-0070;(678) 282-7225;(786) 987-2444;(863) 508-0091;(863) 517-3155;844-759-7732,House Under $1000 for Rent in Winter Haven: Private Room for Rent – Newly Remodeled & Prime Location Discover comfort and convenience in this recently ...
Houses for Rent under $1500 in Winter Haven FL,https://www.forrent.com/find/FL/metro-Tampa+Bay/Winter+Haven/price-Less+than+1500/extras-House,,,"2701 Ave T NW, Winter Haven, FL 33881. Room for Rent. $745. 1 Bed. COMPARE bookmark. EmailEmail Property Call(407) 840-2272. Building Photo - 151 Avenue C SE."
